Name,Image,Location
Rick Sanchez,https://rickandmortyapi.com/api/character/avatar/1.jpeg,Citadel of Ricks
Morty Smith,https://rickandmortyapi.com/api/character/avatar/2.jpeg,Citadel of Ricks
Summer Smith,https://rickandmortyapi.com/api/character/avatar/3.jpeg,Earth (Replacement Dimension)
Beth Smith,https://rickandmortyapi.com/api/character/avatar/4.jpeg,Earth (Replacement Dimension)
Jerry Smith,https://rickandmortyapi.com/api/character/avatar/5.jpeg,Earth (Replacement Dimension)
Abadango Cluster Princess,https://rickandmortyapi.com/api/character/avatar/6.jpeg,Abadango
Annie,https://rickandmortyapi.com/api/character/avatar/17.jpeg,Anatomy Park
Antenna Morty,https://rickandmortyapi.com/api/character/avatar/18.jpeg,Citadel of Ricks
Armagheadon,https://rickandmortyapi.com/api/character/avatar/24.jpeg,Signus 5 Expanse
Arthricia,https://rickandmortyapi.com/api/character/avatar/26.jpeg,Purge Planet
Artist Morty,https://rickandmortyapi.com/api/character/avatar/27.jpeg,Citadel of Ricks
Attila Starwar,https://rickandmortyapi.com/api/character/avatar/28.jpeg,Interdimensional Cable
Baby Legs,https://rickandmortyapi.com/api/character/avatar/29.jpeg,Interdimensional Cable
Baby Poopybutthole,https://rickandmortyapi.com/api/character/avatar/30.jpeg,unknown
Benjamin,https://rickandmortyapi.com/api/character/avatar/34.jpeg,Interdimensional Cable
Bepisian,https://rickandmortyapi.com/api/character/avatar/35.jpeg,Bepis 9
Beta-Seven,https://rickandmortyapi.com/api/character/avatar/36.jpeg,unknown
Beth Sanchez,https://rickandmortyapi.com/api/character/avatar/37.jpeg,Earth (C-500A)
Beth Smith,https://rickandmortyapi.com/api/character/avatar/38.jpeg,Earth (C-137)
Beth Smith,https://rickandmortyapi.com/api/character/avatar/39.jpeg,Earth (Evil Rick's Target Dimension)
Big Boobed Waitress,https://rickandmortyapi.com/api/character/avatar/41.jpeg,Fantasy World
Bill,https://rickandmortyapi.com/api/character/avatar/45.jpeg,Earth (C-137)
Birdperson,https://rickandmortyapi.com/api/character/avatar/47.jpeg,Planet Squanch
Black Rick,https://rickandmortyapi.com/api/character/avatar/48.jpeg,Citadel of Ricks
Blamph,https://rickandmortyapi.com/api/character/avatar/49.jpeg,Interdimensional Cable
Blim Blam,https://rickandmortyapi.com/api/character/avatar/50.jpeg,Earth (Replacement Dimension)
Blue Diplomat,https://rickandmortyapi.com/api/character/avatar/51.jpeg,Interdimensional Cable
Bobby Moynihan,https://rickandmortyapi.com/api/character/avatar/54.jpeg,Interdimensional Cable
Borpocian,https://rickandmortyapi.com/api/character/avatar/57.jpeg,unknown
Brad,https://rickandmortyapi.com/api/character/avatar/58.jpeg,Earth (Replacement Dimension)
Centaur,https://rickandmortyapi.com/api/character/avatar/63.jpeg,Mr. Goldenfold's dream
Chris,https://rickandmortyapi.com/api/character/avatar/65.jpeg,Rick's Battery Microverse
Collector,https://rickandmortyapi.com/api/character/avatar/67.jpeg,The Menagerie
Cool Rick,https://rickandmortyapi.com/api/character/avatar/72.jpeg,Citadel of Ricks
Cop Rick,https://rickandmortyapi.com/api/character/avatar/74.jpeg,Citadel of Ricks
Courier Flap,https://rickandmortyapi.com/api/character/avatar/75.jpeg,Planet Squanch
Cowboy Morty,https://rickandmortyapi.com/api/character/avatar/77.jpeg,Citadel of Ricks
Cowboy Rick,https://rickandmortyapi.com/api/character/avatar/78.jpeg,Citadel of Ricks
Crab Spider,https://rickandmortyapi.com/api/character/avatar/79.jpeg,Hideout Planet
Creepy Little Girl,https://rickandmortyapi.com/api/character/avatar/80.jpeg,Mr. Goldenfold's dream
Cult Leader Morty,https://rickandmortyapi.com/api/character/avatar/84.jpeg,Hideout Planet
Cyclops Morty,https://rickandmortyapi.com/api/character/avatar/85.jpeg,Citadel of Ricks
Cynthia,https://rickandmortyapi.com/api/character/avatar/88.jpeg,Earth (Replacement Dimension)
Daron Jefferson,https://rickandmortyapi.com/api/character/avatar/90.jpeg,Unity's Planet
David Letterman,https://rickandmortyapi.com/api/character/avatar/91.jpeg,Earth (C-500A)
Dr. Wong,https://rickandmortyapi.com/api/character/avatar/107.jpeg,Earth (Replacement Dimension)
Eli,https://rickandmortyapi.com/api/character/avatar/110.jpeg,Post-Apocalyptic Earth
Eli's Girlfriend,https://rickandmortyapi.com/api/character/avatar/111.jpeg,Post-Apocalyptic Earth
Eric McMan,https://rickandmortyapi.com/api/character/avatar/112.jpeg,Earth (C-137)
Ethan,https://rickandmortyapi.com/api/character/avatar/115.jpeg,Earth (Replacement Dimension)
Evil Morty,https://rickandmortyapi.com/api/character/avatar/118.jpeg,Citadel of Ricks
Eyehole Man,https://rickandmortyapi.com/api/character/avatar/121.jpeg,Interdimensional Cable
Fat Morty,https://rickandmortyapi.com/api/character/avatar/123.jpeg,Citadel of Ricks
Father Bob,https://rickandmortyapi.com/api/character/avatar/124.jpeg,Earth (Replacement Dimension)
Flansian,https://rickandmortyapi.com/api/character/avatar/125.jpeg,Planet Squanch
Fulgora,https://rickandmortyapi.com/api/character/avatar/129.jpeg,Interdimensional Cable
Garblovian,https://rickandmortyapi.com/api/character/avatar/133.jpeg,unknown
Garmanarnar,https://rickandmortyapi.com/api/character/avatar/134.jpeg,Interdimensional Cable
Gazorpazorpfield,https://rickandmortyapi.com/api/character/avatar/136.jpeg,Interdimensional Cable
Gene,https://rickandmortyapi.com/api/character/avatar/137.jpeg,Earth (Replacement Dimension)
Genital Washer,https://rickandmortyapi.com/api/character/avatar/140.jpeg,Post-Apocalyptic Earth
Glasses Morty,https://rickandmortyapi.com/api/character/avatar/143.jpeg,Citadel of Ricks
Glenn,https://rickandmortyapi.com/api/character/avatar/145.jpeg,Interdimensional Cable
Glexo Slim Slom,https://rickandmortyapi.com/api/character/avatar/146.jpeg,Nuptia 4
Hamster In Butt,https://rickandmortyapi.com/api/character/avatar/153.jpeg,Hamster in Butt World
Harold,https://rickandmortyapi.com/api/character/avatar/155.jpeg,Earth (C-137)
Hemorrhage,https://rickandmortyapi.com/api/character/avatar/156.jpeg,Post-Apocalyptic Earth
Hookah Alien,https://rickandmortyapi.com/api/character/avatar/158.jpeg,Interdimensional Customs
Hunter's Father,https://rickandmortyapi.com/api/character/avatar/160.jpeg,Earth (Giant Telepathic Spiders Dimension)
Hydrogen-F,https://rickandmortyapi.com/api/character/avatar/161.jpeg,Alphabetrium
Ice-T,https://rickandmortyapi.com/api/character/avatar/162.jpeg,Alphabetrium
Invisi-trooper,https://rickandmortyapi.com/api/character/avatar/166.jpeg,Earth (Replacement Dimension)
Izzy,https://rickandmortyapi.com/api/character/avatar/167.jpeg,Earth (Replacement Dimension)
Jackie,https://rickandmortyapi.com/api/character/avatar/168.jpeg,Gazorpazorp
Jacob,https://rickandmortyapi.com/api/character/avatar/169.jpeg,Earth (C-137)
Jacqueline,https://rickandmortyapi.com/api/character/avatar/170.jpeg,Earth (Replacement Dimension)
Jaguar,https://rickandmortyapi.com/api/character/avatar/171.jpeg,Earth (Replacement Dimension)
Jamey,https://rickandmortyapi.com/api/character/avatar/172.jpeg,Earth (Replacement Dimension)
Jan-Michael Vincent,https://rickandmortyapi.com/api/character/avatar/173.jpeg,Interdimensional Cable
Jerry 5-126,https://rickandmortyapi.com/api/character/avatar/174.jpeg,Jerryboree
Jerry Smith,https://rickandmortyapi.com/api/character/avatar/175.jpeg,Earth (C-137)
Celebrity Jerry,https://rickandmortyapi.com/api/character/avatar/176.jpeg,Earth (C-500A)
Jerry Smith,https://rickandmortyapi.com/api/character/avatar/177.jpeg,Earth (Evil Rick's Target Dimension)
Jessica,https://rickandmortyapi.com/api/character/avatar/179.jpeg,Earth (C-137)
Jessica,https://rickandmortyapi.com/api/character/avatar/180.jpeg,Earth (Replacement Dimension)
Jessica's Friend,https://rickandmortyapi.com/api/character/avatar/181.jpeg,Earth (Replacement Dimension)
Jim,https://rickandmortyapi.com/api/character/avatar/182.jpeg,Earth (Replacement Dimension)
Johnny Depp,https://rickandmortyapi.com/api/character/avatar/183.jpeg,Earth (C-500A)
Jon,https://rickandmortyapi.com/api/character/avatar/184.jpeg,Interdimensional Cable
Joseph Eli Lipkip,https://rickandmortyapi.com/api/character/avatar/185.jpeg,Earth (Replacement Dimension)
Joyce Smith,https://rickandmortyapi.com/api/character/avatar/186.jpeg,Earth (C-137)
Karen Entity,https://rickandmortyapi.com/api/character/avatar/188.jpeg,Unity's Planet
Keara,https://rickandmortyapi.com/api/character/avatar/190.jpeg,Earth (Replacement Dimension)
King Flippy Nips,https://rickandmortyapi.com/api/character/avatar/192.jpeg,Pluto
Kozbian,https://rickandmortyapi.com/api/character/avatar/194.jpeg,Planet Squanch
Kristen Stewart,https://rickandmortyapi.com/api/character/avatar/195.jpeg,Earth (C-500A)
Larva Alien,https://rickandmortyapi.com/api/character/avatar/199.jpeg,Planet Squanch
Leonard Smith,https://rickandmortyapi.com/api/character/avatar/201.jpeg,Earth (C-137)
Little Dipper,https://rickandmortyapi.com/api/character/avatar/205.jpeg,Interdimensional Cable
Lizard Morty,https://rickandmortyapi.com/api/character/avatar/206.jpeg,Citadel of Ricks
Loggins,https://rickandmortyapi.com/api/character/avatar/207.jpeg,Interdimensional Cable
Logic,https://rickandmortyapi.com/api/character/avatar/208.jpeg,Worldender's lair
Ma-Sha,https://rickandmortyapi.com/api/character/avatar/211.jpeg,Gazorpazorp
Magnesium-J,https://rickandmortyapi.com/api/character/avatar/213.jpeg,Alphabetrium
Man Painted Silver Who Makes Robot Noises,https://rickandmortyapi.com/api/character/avatar/214.jpeg,Interdimensional Cable
MC Haps,https://rickandmortyapi.com/api/character/avatar/216.jpeg,Earth (C-137)
Mega Fruit Farmer Rick,https://rickandmortyapi.com/api/character/avatar/220.jpeg,Citadel of Ricks
Melissa,https://rickandmortyapi.com/api/character/avatar/221.jpeg,Mr. Goldenfold's dream
Michael Denny and the Denny Singers,https://rickandmortyapi.com/api/character/avatar/222.jpeg,Interdimensional Cable
Michael McLick,https://rickandmortyapi.com/api/character/avatar/224.jpeg,Interdimensional Cable
Michael Thompson,https://rickandmortyapi.com/api/character/avatar/225.jpeg,Interdimensional Cable
Mitch,https://rickandmortyapi.com/api/character/avatar/227.jpeg,Earth (Replacement Dimension)
Morty Mart Manager Morty,https://rickandmortyapi.com/api/character/avatar/229.jpeg,Citadel of Ricks
Morty Jr.,https://rickandmortyapi.com/api/character/avatar/230.jpeg,Earth (Replacement Dimension)
Morty Smith,https://rickandmortyapi.com/api/character/avatar/232.jpeg,Earth (Evil Rick's Target Dimension)
Morty K-22,https://rickandmortyapi.com/api/character/avatar/233.jpeg,Earth (Replacement Dimension)
Mr. Benson,https://rickandmortyapi.com/api/character/avatar/237.jpeg,Earth (Replacement Dimension)
Mr. Booby Buyer,https://rickandmortyapi.com/api/character/avatar/238.jpeg,Fantasy World
Mr. Goldenfold,https://rickandmortyapi.com/api/character/avatar/239.jpeg,Earth (C-137)
Mr. Goldenfold,https://rickandmortyapi.com/api/character/avatar/240.jpeg,Earth (Replacement Dimension)
Mr. Marklovitz,https://rickandmortyapi.com/api/character/avatar/241.jpeg,Earth (Replacement Dimension)
Mr. Needful,https://rickandmortyapi.com/api/character/avatar/243.jpeg,Earth (Replacement Dimension)
Mr. Poopybutthole,https://rickandmortyapi.com/api/character/avatar/244.jpeg,Earth (Replacement Dimension)
Mrs. Lipkip,https://rickandmortyapi.com/api/character/avatar/245.jpeg,Earth (Replacement Dimension)
Mrs. Pancakes,https://rickandmortyapi.com/api/character/avatar/246.jpeg,Mr. Goldenfold's dream
Amy Poopybutthole,https://rickandmortyapi.com/api/character/avatar/247.jpeg,unknown
Nancy,https://rickandmortyapi.com/api/character/avatar/251.jpeg,Earth (Replacement Dimension)
Noob-Noob,https://rickandmortyapi.com/api/character/avatar/252.jpeg,Vindicator's Base
Octopus Man,https://rickandmortyapi.com/api/character/avatar/254.jpeg,Interdimensional Cable
Orthodox Jew,https://rickandmortyapi.com/api/character/avatar/255.jpeg,Earth (Replacement Dimension)
Paul Fleishman,https://rickandmortyapi.com/api/character/avatar/257.jpeg,Jerryboree
Pawnshop Clerk,https://rickandmortyapi.com/api/character/avatar/258.jpeg,Pawn Shop Planet
Phillip Jacobs,https://rickandmortyapi.com/api/character/avatar/260.jpeg,Interdimensional Cable
Pibbles Bodyguard,https://rickandmortyapi.com/api/character/avatar/263.jpeg,St. Gloopy Noops Hospital
Pichael Thompson,https://rickandmortyapi.com/api/character/avatar/264.jpeg,Interdimensional Cable
Pickle Rick,https://rickandmortyapi.com/api/character/avatar/265.jpeg,Earth (Replacement Dimension)
Piece of Toast,https://rickandmortyapi.com/api/character/avatar/266.jpeg,Interdimensional Cable
Plumber Rick,https://rickandmortyapi.com/api/character/avatar/267.jpeg,Citadel of Ricks
Presidentress of The Mega Gargantuans,https://rickandmortyapi.com/api/character/avatar/269.jpeg,Mega Gargantuan Kingdom
Principal Vagina,https://rickandmortyapi.com/api/character/avatar/271.jpeg,Earth (C-137)
Principal Vagina,https://rickandmortyapi.com/api/character/avatar/272.jpeg,Earth (Replacement Dimension)
Randy Dicknose,https://rickandmortyapi.com/api/character/avatar/275.jpeg,Interdimensional Cable
Real Fake Doors Salesman,https://rickandmortyapi.com/api/character/avatar/277.jpeg,Interdimensional Cable
Regular Legs,https://rickandmortyapi.com/api/character/avatar/279.jpeg,Interdimensional Cable
Rick D716-B,https://rickandmortyapi.com/api/character/avatar/288.jpeg,Citadel of Ricks
Rick D716-C,https://rickandmortyapi.com/api/character/avatar/289.jpeg,Citadel of Ricks
Rick J-22,https://rickandmortyapi.com/api/character/avatar/291.jpeg,Citadel of Ricks
Rick K-22,https://rickandmortyapi.com/api/character/avatar/292.jpeg,Earth (Replacement Dimension)
Ron Benson,https://rickandmortyapi.com/api/character/avatar/301.jpeg,Unity's Planet
Samantha,https://rickandmortyapi.com/api/character/avatar/303.jpeg,Earth (C-137)
Scary Brandon,https://rickandmortyapi.com/api/character/avatar/304.jpeg,Mr. Goldenfold's dream
Scary Glenn,https://rickandmortyapi.com/api/character/avatar/305.jpeg,Mr. Goldenfold's dream
Scary Terry,https://rickandmortyapi.com/api/character/avatar/306.jpeg,Mr. Goldenfold's dream
Scroopy Noopers,https://rickandmortyapi.com/api/character/avatar/307.jpeg,Pluto
Scrotian,https://rickandmortyapi.com/api/character/avatar/309.jpeg,Signus 5 Expanse
Shimshamian,https://rickandmortyapi.com/api/character/avatar/311.jpeg,Planet Squanch
Shlaammi,https://rickandmortyapi.com/api/character/avatar/312.jpeg,Interdimensional Cable
Shleemypants,https://rickandmortyapi.com/api/character/avatar/313.jpeg,Snake Planet
Shmlamantha Shmlicelli,https://rickandmortyapi.com/api/character/avatar/314.jpeg,Interdimensional Cable
Shmlangela Shmlobinson-Shmlower,https://rickandmortyapi.com/api/character/avatar/315.jpeg,Interdimensional Cable
Shmlona Shmlobinson,https://rickandmortyapi.com/api/character/avatar/316.jpeg,Interdimensional Cable
Shmlonathan Shmlower,https://rickandmortyapi.com/api/character/avatar/317.jpeg,Interdimensional Cable
Shmlony Shmlicelli,https://rickandmortyapi.com/api/character/avatar/318.jpeg,Interdimensional Cable
Shrimply Pibbles,https://rickandmortyapi.com/api/character/avatar/321.jpeg,St. Gloopy Noops Hospital
Slippery Stair,https://rickandmortyapi.com/api/character/avatar/326.jpeg,Earth (Replacement Dimension)
Slow Mobius,https://rickandmortyapi.com/api/character/avatar/327.jpeg,Earth (Replacement Dimension)
Slow Rick,https://rickandmortyapi.com/api/character/avatar/328.jpeg,Citadel of Ricks
Snuffles (Snowball),https://rickandmortyapi.com/api/character/avatar/329.jpeg,unknown
Stacy,https://rickandmortyapi.com/api/character/avatar/332.jpeg,Earth (Replacement Dimension)
Stair Goblin,https://rickandmortyapi.com/api/character/avatar/333.jpeg,Fantasy World
Stealy,https://rickandmortyapi.com/api/character/avatar/334.jpeg,Interdimensional Cable
Steve,https://rickandmortyapi.com/api/character/avatar/335.jpeg,Earth (Replacement Dimension)
Steven Phillips,https://rickandmortyapi.com/api/character/avatar/336.jpeg,Unity's Planet
Summer Smith,https://rickandmortyapi.com/api/character/avatar/338.jpeg,Earth (C-137)
Summer Smith,https://rickandmortyapi.com/api/character/avatar/339.jpeg,Earth (Evil Rick's Target Dimension)
Supernova,https://rickandmortyapi.com/api/character/avatar/340.jpeg,Worldender's lair
Taddy Mason,https://rickandmortyapi.com/api/character/avatar/341.jpeg,Earth (Replacement Dimension)
Taint Washer,https://rickandmortyapi.com/api/character/avatar/342.jpeg,Post-Apocalyptic Earth
Tammy Guetermann,https://rickandmortyapi.com/api/character/avatar/343.jpeg,Earth (C-137)
Teacher Rick,https://rickandmortyapi.com/api/character/avatar/345.jpeg,Citadel of Ricks
President Curtis,https://rickandmortyapi.com/api/character/avatar/347.jpeg,Earth (Replacement Dimension)
Three Unknown Things,https://rickandmortyapi.com/api/character/avatar/351.jpeg,Interdimensional Cable
Toby Matthews,https://rickandmortyapi.com/api/character/avatar/354.jpeg,Earth (Replacement Dimension)
Todd Crystal,https://rickandmortyapi.com/api/character/avatar/355.jpeg,Unity's Planet
Tom Randolph,https://rickandmortyapi.com/api/character/avatar/356.jpeg,Earth (C-137)
Tommy's Clone,https://rickandmortyapi.com/api/character/avatar/357.jpeg,Earth (Replacement Dimension)
Traflorkian,https://rickandmortyapi.com/api/character/avatar/362.jpeg,Worldender's lair
Trandor,https://rickandmortyapi.com/api/character/avatar/363.jpeg,Earth (Replacement Dimension)
Tricia Lange,https://rickandmortyapi.com/api/character/avatar/365.jpeg,Earth (Replacement Dimension)
Trunk Morty,https://rickandmortyapi.com/api/character/avatar/366.jpeg,Citadel of Ricks
Trunk Man,https://rickandmortyapi.com/api/character/avatar/367.jpeg,Interdimensional Cable
Two Guys with Handlebar Mustaches,https://rickandmortyapi.com/api/character/avatar/370.jpeg,Interdimensional Cable
Tumblorkian,https://rickandmortyapi.com/api/character/avatar/371.jpeg,Plopstar
Unity,https://rickandmortyapi.com/api/character/avatar/372.jpeg,Unity's Planet
Unmuscular Michael,https://rickandmortyapi.com/api/character/avatar/373.jpeg,Interdimensional Cable
Vampire Master,https://rickandmortyapi.com/api/character/avatar/374.jpeg,Earth (Replacement Dimension)
Veronica Ann Bennet,https://rickandmortyapi.com/api/character/avatar/376.jpeg,Gazorpazorp
Woman Rick,https://rickandmortyapi.com/api/character/avatar/381.jpeg,unknown
Yaarb,https://rickandmortyapi.com/api/character/avatar/383.jpeg,St. Gloopy Noops Hospital
Yellow Headed Doctor,https://rickandmortyapi.com/api/character/avatar/384.jpeg,St. Gloopy Noops Hospital
Zeep Xanflorp,https://rickandmortyapi.com/api/character/avatar/388.jpeg,Rick's Battery Microverse
Bearded Morty,https://rickandmortyapi.com/api/character/avatar/392.jpeg,Citadel of Ricks
Roy,https://rickandmortyapi.com/api/character/avatar/393.jpeg,Roy: A Life Well Lived
Greebybobe,https://rickandmortyapi.com/api/character/avatar/395.jpeg,Worldender's lair
Scary Teacher,https://rickandmortyapi.com/api/character/avatar/396.jpeg,Mr. Goldenfold's dream
Fido,https://rickandmortyapi.com/api/character/avatar/397.jpeg,Snuffles' Dream
Accountant dog,https://rickandmortyapi.com/api/character/avatar/398.jpeg,Snuffles' Dream
Tiny-persons advocacy group lawyer,https://rickandmortyapi.com/api/character/avatar/399.jpeg,Giant's Town
Giant Judge,https://rickandmortyapi.com/api/character/avatar/400.jpeg,Giant's Town
Morty Jr's interviewer,https://rickandmortyapi.com/api/character/avatar/401.jpeg,Earth (Replacement Dimension)
Guy from The Bachelor,https://rickandmortyapi.com/api/character/avatar/402.jpeg,Earth (Replacement Dimension)
Michael Jackson,https://rickandmortyapi.com/api/character/avatar/404.jpeg,Earth (Phone Dimension)
Trunkphobic suspenders guy,https://rickandmortyapi.com/api/character/avatar/405.jpeg,Earth (Replacement Dimension)
Spiderweb teddy bear,https://rickandmortyapi.com/api/character/avatar/406.jpeg,Interdimensional Cable
Regular Tyrion Lannister,https://rickandmortyapi.com/api/character/avatar/407.jpeg,Interdimensional Cable
Quick Mystery Presenter,https://rickandmortyapi.com/api/character/avatar/408.jpeg,Interdimensional Cable
Mr. Sneezy,https://rickandmortyapi.com/api/character/avatar/409.jpeg,Interdimensional Cable
Two Brothers,https://rickandmortyapi.com/api/character/avatar/410.jpeg,Interdimensional Cable
Trunkphobic guy,https://rickandmortyapi.com/api/character/avatar/414.jpeg,Interdimensional Cable
Pro trunk people marriage guy,https://rickandmortyapi.com/api/character/avatar/415.jpeg,Interdimensional Cable
Muscular Mannie,https://rickandmortyapi.com/api/character/avatar/416.jpeg,Interdimensional Cable
Baby Legs Chief,https://rickandmortyapi.com/api/character/avatar/417.jpeg,Interdimensional Cable
Mrs. Sullivan's Boyfriend,https://rickandmortyapi.com/api/character/avatar/418.jpeg,Interdimensional Cable
Plutonian Hostess,https://rickandmortyapi.com/api/character/avatar/419.jpeg,Pluto
Plutonian Host,https://rickandmortyapi.com/api/character/avatar/420.jpeg,Pluto
Rich Plutonian,https://rickandmortyapi.com/api/character/avatar/421.jpeg,Pluto
Rich Plutonian,https://rickandmortyapi.com/api/character/avatar/422.jpeg,Pluto
Synthetic Laser Eels,https://rickandmortyapi.com/api/character/avatar/423.jpeg,Earth (Replacement Dimension)
Pizza-person,https://rickandmortyapi.com/api/character/avatar/424.jpeg,Earth (Pizza Dimension)
Pizza-person,https://rickandmortyapi.com/api/character/avatar/425.jpeg,Earth (Pizza Dimension)
Greasy Grandma,https://rickandmortyapi.com/api/character/avatar/426.jpeg,Greasy Grandma World
Phone-person,https://rickandmortyapi.com/api/character/avatar/427.jpeg,Earth (Phone Dimension)
Phone-person,https://rickandmortyapi.com/api/character/avatar/428.jpeg,Earth (Phone Dimension)
Chair-person,https://rickandmortyapi.com/api/character/avatar/429.jpeg,Earth (Chair Dimension)
Chair-person,https://rickandmortyapi.com/api/character/avatar/430.jpeg,Earth (Chair Dimension)
Chair-homeless,https://rickandmortyapi.com/api/character/avatar/431.jpeg,Earth (Chair Dimension)
Chair-waiter,https://rickandmortyapi.com/api/character/avatar/432.jpeg,Earth (Chair Dimension)
Doopidoo,https://rickandmortyapi.com/api/character/avatar/433.jpeg,unknown
Pripudlian,https://rickandmortyapi.com/api/character/avatar/435.jpeg,Earth (Replacement Dimension)
Giant Testicle Monster,https://rickandmortyapi.com/api/character/avatar/436.jpeg,Testicle Monster Dimension
Michael,https://rickandmortyapi.com/api/character/avatar/437.jpeg,Earth (Replacement Dimension)
Michael's Lawyer,https://rickandmortyapi.com/api/character/avatar/438.jpeg,Earth (Replacement Dimension)
Veterinary,https://rickandmortyapi.com/api/character/avatar/439.jpeg,Earth (Replacement Dimension)
Veterinary Nurse,https://rickandmortyapi.com/api/character/avatar/440.jpeg,Earth (Replacement Dimension)
Bearded Jerry,https://rickandmortyapi.com/api/character/avatar/441.jpeg,Jerryboree
Shaved Head Jerry,https://rickandmortyapi.com/api/character/avatar/442.jpeg,Jerryboree
Tank Top Jerry,https://rickandmortyapi.com/api/character/avatar/443.jpeg,Jerryboree
Pink Polo Shirt Jerry,https://rickandmortyapi.com/api/character/avatar/444.jpeg,Jerryboree
Jerryboree Keeper,https://rickandmortyapi.com/api/character/avatar/445.jpeg,Jerryboree
Jerryboree Receptionist,https://rickandmortyapi.com/api/character/avatar/446.jpeg,Jerryboree
Anchor Gear,https://rickandmortyapi.com/api/character/avatar/447.jpeg,Gear World
Roy's Mum,https://rickandmortyapi.com/api/character/avatar/449.jpeg,Roy: A Life Well Lived
Roy's Wife,https://rickandmortyapi.com/api/character/avatar/450.jpeg,Roy: A Life Well Lived
Roy's Son,https://rickandmortyapi.com/api/character/avatar/451.jpeg,Roy: A Life Well Lived
Simon,https://rickandmortyapi.com/api/character/avatar/452.jpeg,Earth (Replacement Dimension)
Vampire Master's Assistant,https://rickandmortyapi.com/api/character/avatar/453.jpeg,Earth (Replacement Dimension)
Arbolian Mentirososian,https://rickandmortyapi.com/api/character/avatar/454.jpeg,St. Gloopy Noops Hospital
St. Gloopy Noops Nurse,https://rickandmortyapi.com/api/character/avatar/455.jpeg,St. Gloopy Noops Hospital
Nano Doctor,https://rickandmortyapi.com/api/character/avatar/456.jpeg,St. Gloopy Noops Hospital
Funny Songs Presenter,https://rickandmortyapi.com/api/character/avatar/457.jpeg,Interdimensional Cable
Butthole Ice Cream Guy,https://rickandmortyapi.com/api/character/avatar/459.jpeg,Interdimensional Cable
Traflorkian Journalist,https://rickandmortyapi.com/api/character/avatar/460.jpeg,St. Gloopy Noops Hospital
Morphizer-XE Customer Support,https://rickandmortyapi.com/api/character/avatar/467.jpeg,Earth (Replacement Dimension)
Morphizer-XE Customer Support,https://rickandmortyapi.com/api/character/avatar/468.jpeg,Earth (Replacement Dimension)
Alien Spa Employee,https://rickandmortyapi.com/api/character/avatar/470.jpeg,Alien Day Spa
Little Voltron,https://rickandmortyapi.com/api/character/avatar/471.jpeg,Earth (Replacement Dimension)
Baby Rick,https://rickandmortyapi.com/api/character/avatar/472.jpeg,Citadel of Ricks
Bartender Morty,https://rickandmortyapi.com/api/character/avatar/473.jpeg,Citadel of Ricks
Dancer Cowboy Morty,https://rickandmortyapi.com/api/character/avatar/474.jpeg,Citadel of Ricks
Dancer Morty,https://rickandmortyapi.com/api/character/avatar/475.jpeg,Citadel of Ricks
Flower Morty,https://rickandmortyapi.com/api/character/avatar/476.jpeg,Citadel of Ricks
Hairdresser Rick,https://rickandmortyapi.com/api/character/avatar/477.jpeg,Citadel of Ricks
Journalist Rick,https://rickandmortyapi.com/api/character/avatar/478.jpeg,Citadel of Ricks
Purple Morty,https://rickandmortyapi.com/api/character/avatar/480.jpeg,Citadel of Ricks
Secret Service Rick,https://rickandmortyapi.com/api/character/avatar/482.jpeg,Citadel of Ricks
Steve Jobs Rick,https://rickandmortyapi.com/api/character/avatar/483.jpeg,Citadel of Ricks
Modern Rick,https://rickandmortyapi.com/api/character/avatar/485.jpeg,Citadel of Ricks
Chang,https://rickandmortyapi.com/api/character/avatar/490.jpeg,The Menagerie
Dr. Eleanor Arroway,https://rickandmortyapi.com/api/character/avatar/491.jpeg,The Menagerie
Varrix,https://rickandmortyapi.com/api/character/avatar/492.jpeg,Earth (Replacement Dimension)
Secretary of the Interior,https://rickandmortyapi.com/api/character/avatar/493.jpeg,Earth (Replacement Dimension)
Fascist Mr. President,https://rickandmortyapi.com/api/character/avatar/500.jpeg,Earth (Fascist Dimension)
Fascist Shrimp Rick,https://rickandmortyapi.com/api/character/avatar/503.jpeg,Earth (Fascist Shrimp Dimension)
Fascist Shrimp Morty,https://rickandmortyapi.com/api/character/avatar/505.jpeg,Earth (Fascist Shrimp Dimension)
Fascist Shrimp SS,https://rickandmortyapi.com/api/character/avatar/506.jpeg,Earth (Fascist Shrimp Dimension)
Fascist Teddy Bear Rick,https://rickandmortyapi.com/api/character/avatar/507.jpeg,Earth (Fascist Teddy Bear Dimension)
Anchorman,https://rickandmortyapi.com/api/character/avatar/510.jpeg,Earth (Replacement Dimension)
Anchorwoman,https://rickandmortyapi.com/api/character/avatar/511.jpeg,Earth (Replacement Dimension)
Morty’s Lawyer,https://rickandmortyapi.com/api/character/avatar/512.jpeg,Earth (Replacement Dimension)
Public Opinion Judge,https://rickandmortyapi.com/api/character/avatar/514.jpeg,Earth (Replacement Dimension)
Wasp Rick,https://rickandmortyapi.com/api/character/avatar/516.jpeg,Earth (Replacement Dimension)
Wasp Morty,https://rickandmortyapi.com/api/character/avatar/518.jpeg,Earth (Wasp Dimension)
Wasp Summer,https://rickandmortyapi.com/api/character/avatar/519.jpeg,Earth (Wasp Dimension)
Wasp Jerry,https://rickandmortyapi.com/api/character/avatar/520.jpeg,Earth (Wasp Dimension)
Wasp Beth,https://rickandmortyapi.com/api/character/avatar/521.jpeg,Earth (Wasp Dimension)
Glootie,https://rickandmortyapi.com/api/character/avatar/525.jpeg,Monogatron Mothership
Danny Publitz,https://rickandmortyapi.com/api/character/avatar/526.jpeg,Earth (Replacement Dimension)
Mothership Intern,https://rickandmortyapi.com/api/character/avatar/527.jpeg,Monogatron Mothership
Monogatron Leader,https://rickandmortyapi.com/api/character/avatar/528.jpeg,Monogatron Mothership
Monogatron Queen,https://rickandmortyapi.com/api/character/avatar/533.jpeg,Monogatron Mothership
Tony's Dad,https://rickandmortyapi.com/api/character/avatar/534.jpeg,Earth (Replacement Dimension)
Jeff,https://rickandmortyapi.com/api/character/avatar/535.jpeg,Earth (Replacement Dimension)
Josiah,https://rickandmortyapi.com/api/character/avatar/536.jpeg,Earth (Replacement Dimension)
Maggie,https://rickandmortyapi.com/api/character/avatar/537.jpeg,Earth (Replacement Dimension)
Priest Witherspoon,https://rickandmortyapi.com/api/character/avatar/538.jpeg,Earth (Replacement Dimension)
Richard,https://rickandmortyapi.com/api/character/avatar/539.jpeg,Earth (Replacement Dimension)
Running Bird,https://rickandmortyapi.com/api/character/avatar/540.jpeg,Earth (Replacement Dimension)
Secretary at Tony's,https://rickandmortyapi.com/api/character/avatar/541.jpeg,Earth (Replacement Dimension)
Mountain Sweat Jerry,https://rickandmortyapi.com/api/character/avatar/542.jpeg,Globaflyn
Vermigurber,https://rickandmortyapi.com/api/character/avatar/543.jpeg,Gorgon Quadrant
Heist-Con Receptionist,https://rickandmortyapi.com/api/character/avatar/545.jpeg,Heist-Con
Angie Flint,https://rickandmortyapi.com/api/character/avatar/546.jpeg,Heist-Con
Glar,https://rickandmortyapi.com/api/character/avatar/547.jpeg,Heist-Con
Truckula,https://rickandmortyapi.com/api/character/avatar/548.jpeg,Heist-Con
Snake Arms,https://rickandmortyapi.com/api/character/avatar/549.jpeg,Heist-Con
Double Microwawe,https://rickandmortyapi.com/api/character/avatar/550.jpeg,Heist-Con
Monitor Lord,https://rickandmortyapi.com/api/character/avatar/551.jpeg,Heist-Con
Key Catcher,https://rickandmortyapi.com/api/character/avatar/552.jpeg,Heist-Con
The Shapeshiftress,https://rickandmortyapi.com/api/character/avatar/553.jpeg,Heist-Con
Hephaestus,https://rickandmortyapi.com/api/character/avatar/556.jpeg,Heistotron Base
Ventriloquiver,https://rickandmortyapi.com/api/character/avatar/557.jpeg,Heistotron Base
Elon Tusk,https://rickandmortyapi.com/api/character/avatar/558.jpeg,Heistotron Base
Netflix Executive,https://rickandmortyapi.com/api/character/avatar/561.jpeg,Earth (Replacement Dimension)
Balthromaw,https://rickandmortyapi.com/api/character/avatar/562.jpeg,Earth (Replacement Dimension)
Talking Cat,https://rickandmortyapi.com/api/character/avatar/564.jpeg,Earth (Replacement Dimension)
Debrah,https://rickandmortyapi.com/api/character/avatar/565.jpeg,Draygon
Debrah’s Partner,https://rickandmortyapi.com/api/character/avatar/566.jpeg,Draygon
Michael,https://rickandmortyapi.com/api/character/avatar/567.jpeg,Draygon
Slut Dragon,https://rickandmortyapi.com/api/character/avatar/568.jpeg,Draygon
Shadow Jacker,https://rickandmortyapi.com/api/character/avatar/569.jpeg,Draygon
Slippy,https://rickandmortyapi.com/api/character/avatar/571.jpeg,Snake Planet
Snake Soldier,https://rickandmortyapi.com/api/character/avatar/578.jpeg,Snake Planet
Snake with Legs,https://rickandmortyapi.com/api/character/avatar/579.jpeg,Snake Planet
Secret Service Snake,https://rickandmortyapi.com/api/character/avatar/580.jpeg,Snake Planet
Anchosnake,https://rickandmortyapi.com/api/character/avatar/581.jpeg,Snake Planet
Anchosnake,https://rickandmortyapi.com/api/character/avatar/582.jpeg,Snake Planet
Bar Customer,https://rickandmortyapi.com/api/character/avatar/584.jpeg,Earth (Replacement Dimension)
Bartender,https://rickandmortyapi.com/api/character/avatar/585.jpeg,Earth (Replacement Dimension)
PC Basketball Player,https://rickandmortyapi.com/api/character/avatar/586.jpeg,Earth (Replacement Dimension)
Pet Shop Employee,https://rickandmortyapi.com/api/character/avatar/588.jpeg,Earth (Replacement Dimension)
Snake Reporter,https://rickandmortyapi.com/api/character/avatar/589.jpeg,Snake Planet
Abradolf Lincler,https://rickandmortyapi.com/api/character/avatar/597.jpeg,Story Train
Biblesaurus,https://rickandmortyapi.com/api/character/avatar/598.jpeg,Story Train
Birdperson,https://rickandmortyapi.com/api/character/avatar/599.jpeg,Story Train
Cats Fan,https://rickandmortyapi.com/api/character/avatar/600.jpeg,Story Train
Christmas Storyteller,https://rickandmortyapi.com/api/character/avatar/601.jpeg,Story Train
Cookies Guy,https://rickandmortyapi.com/api/character/avatar/602.jpeg,Morty’s Story
Crossy,https://rickandmortyapi.com/api/character/avatar/603.jpeg,Ricks’s Story
Goomby,https://rickandmortyapi.com/api/character/avatar/606.jpeg,Story Train
Hairspray Fan,https://rickandmortyapi.com/api/character/avatar/607.jpeg,Story Train
Jesus Christ,https://rickandmortyapi.com/api/character/avatar/608.jpeg,Ricks’s Story
Leah,https://rickandmortyapi.com/api/character/avatar/611.jpeg,Story Train
Marcus,https://rickandmortyapi.com/api/character/avatar/612.jpeg,Story Train
Mike Johnson,https://rickandmortyapi.com/api/character/avatar/613.jpeg,Morty’s Story
Mr. Celery & Friends,https://rickandmortyapi.com/api/character/avatar/614.jpeg,Ricks’s Story
Musical Fan,https://rickandmortyapi.com/api/character/avatar/615.jpeg,Story Train
Phantom of the Opera Fan,https://rickandmortyapi.com/api/character/avatar/616.jpeg,Story Train
Phoenixperson,https://rickandmortyapi.com/api/character/avatar/617.jpeg,Story Train
Ramamama Lord,https://rickandmortyapi.com/api/character/avatar/620.jpeg,Story Train
Ruth Bader Ginsburg,https://rickandmortyapi.com/api/character/avatar/621.jpeg,Morty’s Story
Sarge,https://rickandmortyapi.com/api/character/avatar/622.jpeg,Story Train
Shrek The Musical Fan,https://rickandmortyapi.com/api/character/avatar/623.jpeg,Story Train
Snuffles,https://rickandmortyapi.com/api/character/avatar/624.jpeg,Story Train
Storylord,https://rickandmortyapi.com/api/character/avatar/625.jpeg,Ricks’s Story
Tammy Guetermann,https://rickandmortyapi.com/api/character/avatar/626.jpeg,Story Train
The Concept of Time,https://rickandmortyapi.com/api/character/avatar/627.jpeg,Story Train
Beth Smith,https://rickandmortyapi.com/api/character/avatar/628.jpeg,Morty’s Story
Summer Smith,https://rickandmortyapi.com/api/character/avatar/629.jpeg,Morty’s Story
Morty Smith,https://rickandmortyapi.com/api/character/avatar/630.jpeg,Story Train
Rick Sanchez,https://rickandmortyapi.com/api/character/avatar/631.jpeg,Story Train
Train Cops,https://rickandmortyapi.com/api/character/avatar/633.jpeg,Story Train
Darth Poopybutthole,https://rickandmortyapi.com/api/character/avatar/635.jpeg,Ricks’s Story
Evil Morty,https://rickandmortyapi.com/api/character/avatar/636.jpeg,Ricks’s Story
Morty’s Disguise,https://rickandmortyapi.com/api/character/avatar/637.jpeg,Story Train
Rick’s Disguise,https://rickandmortyapi.com/api/character/avatar/638.jpeg,Story Train
Heroine Keith,https://rickandmortyapi.com/api/character/avatar/655.jpeg,Merged Universe
Johnny Carson,https://rickandmortyapi.com/api/character/avatar/657.jpeg,Merged Universe
Sonia Sotomayor,https://rickandmortyapi.com/api/character/avatar/658.jpeg,Merged Universe
Morty’s Father-in-law,https://rickandmortyapi.com/api/character/avatar/659.jpeg,Near-Duplicate Reality
Morty’s Mother-in-law,https://rickandmortyapi.com/api/character/avatar/660.jpeg,Near-Duplicate Reality
Morty’s Girlfriend,https://rickandmortyapi.com/api/character/avatar/661.jpeg,Merged Universe
Gaia,https://rickandmortyapi.com/api/character/avatar/662.jpeg,Gaia
Florflock,https://rickandmortyapi.com/api/character/avatar/665.jpeg,Gaia
Squeeb,https://rickandmortyapi.com/api/character/avatar/666.jpeg,Gaia
Defiance Beth,https://rickandmortyapi.com/api/character/avatar/667.jpeg,Earth (Replacement Dimension)
Defiance Squanchette,https://rickandmortyapi.com/api/character/avatar/668.jpeg,Defiance's Ship
Defiance Doctor,https://rickandmortyapi.com/api/character/avatar/669.jpeg,Defiance's Base
Mr. Nimbus,https://rickandmortyapi.com/api/character/avatar/672.jpeg,Earth (Replacement Dimension)
Evolved Narnian,https://rickandmortyapi.com/api/character/avatar/683.jpeg,Narnia Dimension
Mr. Nimbus Secretary,https://rickandmortyapi.com/api/character/avatar/684.jpeg,Earth (Replacement Dimension)
Evolved Narnian Disguised as Morty,https://rickandmortyapi.com/api/character/avatar/685.jpeg,Narnia Dimension
Glockenspiel Jerry,https://rickandmortyapi.com/api/character/avatar/692.jpeg,Earth (Replacement Dimension)
Mr. Always Wants to be Hunted,https://rickandmortyapi.com/api/character/avatar/703.jpeg,Earth (Replacement Dimension)
Dracula,https://rickandmortyapi.com/api/character/avatar/709.jpeg,Interdimensional Cable
Steve,https://rickandmortyapi.com/api/character/avatar/710.jpeg,Earth (Replacement Dimension)
When Wolf,https://rickandmortyapi.com/api/character/avatar/711.jpeg,Interdimensional Cable
Planetina,https://rickandmortyapi.com/api/character/avatar/717.jpeg,Earth (Replacement Dimension)
Daphne,https://rickandmortyapi.com/api/character/avatar/718.jpeg,Ferkus 9
Diesel Weasel,https://rickandmortyapi.com/api/character/avatar/719.jpeg,Earth (Replacement Dimension)
Tony Galopagus,https://rickandmortyapi.com/api/character/avatar/725.jpeg,Earth (Replacement Dimension)
Sticky,https://rickandmortyapi.com/api/character/avatar/726.jpeg,Earth (Replacement Dimension)
CHUD King,https://rickandmortyapi.com/api/character/avatar/729.jpeg,Earth (Replacement Dimension)
Princess Ponietta,https://rickandmortyapi.com/api/character/avatar/730.jpeg,Earth (Replacement Dimension)
Naruto Smith,https://rickandmortyapi.com/api/character/avatar/731.jpeg,Space
Kathy Ireland,https://rickandmortyapi.com/api/character/avatar/733.jpeg,Earth (Replacement Dimension)
Amazing Johnathan,https://rickandmortyapi.com/api/character/avatar/734.jpeg,Earth (Replacement Dimension)
Foal Sanchez,https://rickandmortyapi.com/api/character/avatar/735.jpeg,Earth (Replacement Dimension)
Cirque du Soleil Zumanity Member,https://rickandmortyapi.com/api/character/avatar/737.jpeg,Earth (Replacement Dimension)
Cirque du Soleil Zumanity Member,https://rickandmortyapi.com/api/character/avatar/738.jpeg,Earth (Replacement Dimension)
Cirque du Soleil Zumanity Member,https://rickandmortyapi.com/api/character/avatar/739.jpeg,Earth (Replacement Dimension)
Cirque du Soleil Zumanity Member,https://rickandmortyapi.com/api/character/avatar/741.jpeg,Earth (Replacement Dimension)
Bruce Chutback,https://rickandmortyapi.com/api/character/avatar/742.jpeg,Earth (Replacement Dimension)
Space Cruiser,https://rickandmortyapi.com/api/character/avatar/753.jpeg,Earth (Replacement Dimension)
Coop,https://rickandmortyapi.com/api/character/avatar/754.jpeg,Earth (Replacement Dimension)
Dwayne,https://rickandmortyapi.com/api/character/avatar/755.jpeg,Earth (Replacement Dimension)
President's General,https://rickandmortyapi.com/api/character/avatar/757.jpeg,Earth (Replacement Dimension)
Giant Assassin Hidden in the Statue of Liberty,https://rickandmortyapi.com/api/character/avatar/758.jpeg,Earth (Replacement Dimension)
Turkey Morty,https://rickandmortyapi.com/api/character/avatar/759.jpeg,Earth (Replacement Dimension)
Turkey Rick,https://rickandmortyapi.com/api/character/avatar/760.jpeg,Earth (Replacement Dimension)
Turkey President Curtis,https://rickandmortyapi.com/api/character/avatar/761.jpeg,Earth (Replacement Dimension)
Marvin,https://rickandmortyapi.com/api/character/avatar/763.jpeg,Earth (Replacement Dimension)
Jackey,https://rickandmortyapi.com/api/character/avatar/764.jpeg,Earth (Replacement Dimension)
Native Alien,https://rickandmortyapi.com/api/character/avatar/765.jpeg,Earth (Replacement Dimension)
Pilgrim Alien,https://rickandmortyapi.com/api/character/avatar/766.jpeg,Earth (Replacement Dimension)
Mary-Lou,https://rickandmortyapi.com/api/character/avatar/768.jpeg,Earth (Replacement Dimension)
Young Memory Rick,https://rickandmortyapi.com/api/character/avatar/779.jpeg,Rick's Memories
Rick's Garage,https://rickandmortyapi.com/api/character/avatar/781.jpeg,Earth (Replacement Dimension)
Birdperson & Tammy's Child,https://rickandmortyapi.com/api/character/avatar/786.jpeg,Earth (Replacement Dimension)
Two Crows,https://rickandmortyapi.com/api/character/avatar/787.jpeg,Rick and Two Crows Planet
Mr. Cookie President,https://rickandmortyapi.com/api/character/avatar/788.jpeg,Earth (Replacement Dimension)
Harold (Garbage Goober),https://rickandmortyapi.com/api/character/avatar/790.jpeg,Earth (Replacement Dimension)
Harold's Wife,https://rickandmortyapi.com/api/character/avatar/791.jpeg,Earth (Replacement Dimension)
Palicki,https://rickandmortyapi.com/api/character/avatar/795.jpeg,Normal Size Bug Dimension
Sarge,https://rickandmortyapi.com/api/character/avatar/796.jpeg,Normal Size Bug Dimension
Ferkusian,https://rickandmortyapi.com/api/character/avatar/798.jpeg,Ferkus 9
Baby Mouse Skin Morty,https://rickandmortyapi.com/api/character/avatar/805.jpeg,Citadel of Ricks
Crow Scare,https://rickandmortyapi.com/api/character/avatar/808.jpeg,Rick and Two Crows Planet
Crow Horse,https://rickandmortyapi.com/api/character/avatar/813.jpeg,Earth (Replacement Dimension)
Butter Robot,https://rickandmortyapi.com/api/character/avatar/826.jpeg,Earth (Replacement Dimension)
